0,8x4
1,1Auto
2,Agfa
3,Airwick
4,Ajax
5,Alpifresh
6,Always
7,Amando
8,Ambi Pur
9,Andrelon
10,Aquafresh
11,Apollo
12,Argan
13,At Home
14,Bodysecret
15,BodyX
16,Bio-Oil
17,Colgate
18,Dettol
19,Clean
20,Dove
21,Capri-Sun
22,L Oreal
23,Fa
24,KFS-B-Candles
25,Napisan
26,Nivea
27,Oral-B
28,Palmolive
29,Axe
30,Head And Shoulders
31,Gillette
32,Schwarzkopf
33,Herbal
34,Neutral
35,Blue Wonder
36,Bright
37,Byphasse
38,Denim
39,Diadermine
40,Goldline
41,Kinder
42,Loda
43,Lip Smacker
44,Montagne Jeunesse
45,Libresse
46,Brut
47,Bolsius
48,Dasty
49,Dreft
50,Listerine
51,Herbal Essences
52,Nicols
53,Farouk
54,Glorix
55,Pampers
56,Bel Cosmetic
57,Brylcreem
58,Doctor Clean
59,Hansaplast
60,Glycerona
61,Promo
62,King
63,Lenor
64,Ooops
65,Brise
66,Glade
67,Johnsons
68,Kneipp
69,Minions
70,Op is Op
71,Bref
72,Cif
73,Dash
74,Dumil
75,Durex
76,Cleany
77,Hero
78,OB
79,Odorex
80,BIC
81,Dixan
82,Elmex
83,HL Agenturen
84,Mars
85,Lactacyd
86,Catisfactions
87,Labello
88,
89,Disney
90,Baby
91,Badedas
92,Gemar Balloons
93,Bargje Big
94,Bathroom Solutions
95,Bath Fizzer
96,Victoria Beckham
97,Ben10
98,Best for your friend
99,Beyonce
100,Bien
101,Bifi
102,Bigen
103,Biotex
104,Biotanicus
105,Biotin & Collagen
106,Blue Stratos
107,Bon Giorno
108,Bright Eyes
109,Bruno Banani
110,Burberry
111,Cadbury
112,Calvin Klein
113,Celine Dion
114,Chaudfontaine
115,Chopard
116,Chupa Chups
117,Clearasil
118,Coca-Cola
119,Robijn
120,Coccolino
121,Creation
122,David Beckham
123,Davidoff
124,Davitamon
125,Demak Up
126,Denterest
127,Dermolin
128,Dermomed
129,Dorall
130,Garnier
131,Entity
132,Guess
133,Lifes Up
134,Laser
135,Lion
136,MB
137,Mentos
138,Maybelline
139,Olaz
140,Rio
141,Playboy
142,Sanex
143,Sebamed
144,Sensodyne
145,Shirley
146,Shirley May
147,Spa Secrets
148,Syoss
149,Van Gils
150,De Vergulde Hand
151,Vogue
152,Wilkinson
153,Nestle
154,Nutrilon
155,Therme
156,Tommy Hilfiger
157,Adelante
158,Rexona
159,Sence
160,Purol
161,Pure Buddha
162,Sagrotan
163,Savon Doux Classique
164,Snickers
165,Sorbo
166,Sunil
167,Sun
168,Stimul8
169,Twix
170,Vaseline
171,WC-Eend
172,Wetties
173,Zwitsal
174,Ariel
175,Bransus
176,Finish
177,Lucovitaal
178,Melkmeisje
179,Silan
180,Toy Joy
181,Aroma Di Rogito
182,Floratex
183,Adidas
184,Andy
185,Biodermal
186,Body treatment
187,Dr Van Der Hoog
188,Dubro
189,Duracell
190,Embrace
191,Gehwol
192,Groenland
193,Harpic
194,Kleenex
195,Maya
196,Midalgan
197,Nailner
198,Mr Muscle
199,Nibro
200,Omo
201,Page
202,Philips
203,Persil
204,Prodent
205,Proset
206,Pure&Care
207,Scholl
208,Backscratcher
209,Soapy
210,Thomas
211,Unicura
212,Vanish
213,Vapona
214,Varta
215,Wella
216,Whiskas
217,Joy Division
218,Lipton
219,Studio Line
220,Hegron
221,Inecto
222,Umbro
223,AA
224,Carin Haircosmetics
225,Cillit Bang
226,Fanta
227,Jordan
228,ORS
229,Plackers
230,Veet
231,Oreo
232,Soundlogic
233,Big Soft
234,Black & Red
235,Sesamstraat
236,Riesen
237,NESCAFE
238,Saffron
239,Royal Cosmetic Connections
240,Steradent
241,Tea Tree
242,Actif
243,Alpecin
244,Aquarius
245,Atrix
246,Autodrop
247,Bounty Mini
248,Herbamedicus
249,Shine
250,Parodontax
251,Pledge
252,Rakker
253,Pedigree
254,Dentalcare
255,Prokennex
256,Rident
257,Sudocrem
258,Sunlight
259,Swiffer
260,Tena
261,Theramed
262,Vinolia
263,Vileda
264,Zendium
265,Buisman
266,Dente Dura
267,Lowboys
268,Lu
269,Pringles
270,Salvequick
271,Sanicur
272,Siderius
273,Calgon
274,Cillit
275,Croc
276,Max Brands
277,Kitekat
278,Sanrio
279,Lafita
280,Maja
281,Esprit
282,Gel Beads
283,HCA
284,Fittydent
285,Kylie
286,NUK
287,Gloria Vanderbilt
288,Vernel
289,Bye Bites
290,W7
291,Rimmel
292,Candy
293,O Neill
294,Dylon
295,Elizabeth Arden
296,Early Sign
297,Dutch Originals
298,Essential Organics
299,Fishermans
300,Fortuin
301,Fruittella
302,Fresh Up
303,Fruity Sensation
304,Giorgio Beverly Hills
305,Guhl
306,Haribo
307,Sito
308,Heathcote & Ivory
309,Iceberg
310,Huggies
311,Jaguar
312,Jean Marc
313,Jean Paul Gaultier
314,John Frieda
315,Joop
316,Jumbo
317,Kappa
318,Katja
319,KC Oxid
320,Kate Moss
321,Ballon
322,Kinder Bueno
323,Kotex
324,Kylie Minogue
325,La Paay
326,Laura Biagiotti
327,Le Jardin
328,Studio 100
329,Marbert
330,CL
331,Mega Mindy
332,Meridol
333,Mexx
334,Mickey & Minnie
335,Milky Way
336,Parfum De Fleur
337,Monster High
338,Moshi
339,Mind Candy
340,Murrays
341,Nina Ricci
342,Nu Nile
343,Oldtimers
344,Pantene
345,Impliva
346,Paul Frank
347,Plantur
348,Predictor
349,Junior Elf
350,Protex
351,XL-S
352,Yours
353,Zirh
354,Autan
355,Dextro
356,Ibex
357,Issey Miyake
358,Lolita Lempicka
359,Pierre Cardin
360,Red Band
361,Silk
362,Stimorol
363,Studio
364,Tesori d'Oriente
365,Jil Sander
366,Citronella
367,Choco Time
368,K2r
369,Xpel Hair Cair
370,Mr Proper
371,Dales & Dunes
372,Olay
373,Savon
374,FCUK
375,Cacharel
376,Dolce en Gabbana
377,Quick
378,Rayovac
379,Red Bull
380,Sence Beauty Time
381,Seashell
382,Sence Beauty
383,Sheba
384,Siglitos
385,Skittles
386,Slava Zaitsev
387,Sportlife
388,SoftSocks
389,Sprite
390,Mimosa
391,Tefal
392,Splash
393,Toys4You
394,Travelagent
395,Ultra
396,Venco
397,Walking Socks
398,Werthers Original
399,Wipp
400,Compeed
401,Advil
402,Aspirine
403,Azaron
404,Bisolvon
405,Antigrippine
406,Citrosan
407,HTP
408,Nurofen
409,Oscillococcinum
410,Rennie
411,Sinaspril
412,Saridon
413,Voltaren
414,Calex
415,Formule W
416,Imodium
417,Roter
418,Britney Spears
419,Nicotinell
420,Prevalin
421,Strepsils
422,Luxe Star
423,Cosmo
424,Anta Flu
425,Witte Reus
426,Baylis and Harding
427,Marletka
428,Tic Tac
429,Blistex
430,Smarties
431,KitKat
432,Sky Candy
433,SBT
434,Milka
435,Toblerone
436,Elite Models
437,Fine Luxury Soaps
438,Pestalozzi Puzzle
439,Queen Royale
440,SterStyle
441,Vasenol
442,Heat Keeper
443,Trachitol
444,Xt-Luis
445,M&M's
446,My Happy Pets
447,Spaas
448,Balance
449,Trolls
450,Vibovit
451,Thorntons
452,Coop
453,CB12
454,Zocool
455,Color
456,Wash & Go
457,EasyToys
458,Easyglide
459,Mullrose
460,Christina Aguilera
461,Australian
462,Estee Florance
463,Ritter Sport
464,Daro
465,Treffer
466,Luxury
467,Muchachomalo
468,Febreze
469,Maoam
470,Premium Parts
471,Baron
472,Zazie
473,Bional
474,Kodak
475,UHU
476,Tetesept
477,P&G Professional
478,Duschdas
479,Ohropax
480,Spectrum
481,Patty
482,Bicycle Gear
483,Lifetime
484,Create It!
485,PB
486,Alpina
487,Velpon
488,Elegance
489,Dunlop
490,Betadine
491,Norit
492,Primatour
493,5 99
494,Sperti
495,VSM
496,Dampo
497,Vicks
498,Aleve
499,Zovirax
500,Bepanthen
501,Canesten
502,A Vogel
503,Nisska
504,Gaviscon
505,Strepfen
506,Oroclean
507,Otalgan
508,Tiger Balm
509,Valdispert
510,Black Onyx
511,Home & Styling Collection
512,Kledingroller
513,Wasknijpers
514,La Cucina
515,Excellent Houseware
516,Roundies
517,ecovif
518,Vegter
519,DreamWorks
520,Dutch Decor
521,Rodeo
522,Click&Fresh
523,Aluflon
524,Royal Konig
525,Edet
526,Domestos
527,Tristar
528,Canard
529,Pro Garden
530,FX Tools
531,Bloemen
532,Thermometer
533,Nova
534,Boek Specials Nederland
535,ABK
536,Work Socks
537,Fixodent
538,Diamond
539,Excellent Dental Care
540,Fleurus
541,Vaporesse
542,Max Factor
543,Color Plus
544,Activa
545,Acord
546,Storage Solutions
547,Lastpak
548,Turbo Maxx
549,BenBits
550,THM
551,Benson Care
552,Ultra Clean
553,New Rebels
554,Qura
555,Mens Health
556,Samenwerkende Apothekers
557,SenceFresh
558,DKNY
559,Ceracraft
560,Old Spice
561,Dolmen
562,WD-40
563,Regis Stone
564,Benson Tools
565,Playtime
566,Urban Junk
567,Russky Kazak
568,Kuschelweich
569,Perfect Fit
570,Iba Paris
571,Voor Jou!
572,Beauty Skin Care
