7225,8x4 Deodorant Spray Heavenly 150ml,300,179,True,,"De Heavenly deospray van 8x4 biedt deodorant bescherming met heerlijke parfum.&nbsp;Met de geuren van mandarijn, vanille en cranberry&nbsp;geeft het je een sprankelende toon. De spray laat geen rest product achter en is dermatologisch getest. &nbsp;&nbsp;",ml,150 ml,,,Spray,,BTW_Hoog,False,
29438,1Auto Ruitensproeiervloeistof Zomer 4L,300,179,True,,"Reinig jouw autoruiten met de ruitensproeier vloeistof van 1Auto! De ruitensproeier vloeistof verwijdert aanslag en insecten. Let op! Gezien de omvang kunnen er maximaal 3 flessen online worden besteld. Neem contact op met de klantenservice als je meer zou willen bestellen, de verzendvergoeding zal dan wat hoger zijn.",ml,4000,,,Reiniging,,BTW_Hoog,False,
7225
7225,8x4 Deodorant Spray Heavenly 150ml
7225,8x4 Deodorant Spray Heavenly 150ml,0
7225,8x4 Deodorant Spray Heavenly 150ml,0,300,179
7225,8x4 Deodorant Spray Heavenly 150ml,0,300,179,True
7225,8x4 Deodorant Spray Heavenly 150ml,0,300,179,True,
7225,8x4 Deodorant Spray Heavenly 150ml,0,300,179,True,,"De Heavenly deospray van 8x4 biedt deodorant bescherming met heerlijke parfum.&nbsp;Met de geuren van mandarijn, vanille en cranberry&nbsp;geeft het je een sprankelende toon. De spray laat geen rest product achter en is dermatologisch getest. &nbsp;&nbsp;"
7225,8x4 Deodorant Spray Heavenly 150ml,0,300,179,True,,"De Heavenly deospray van 8x4 biedt deodorant bescherming met heerlijke parfum.&nbsp;Met de geuren van mandarijn, vanille en cranberry&nbsp;geeft het je een sprankelende toon. De spray laat geen rest product achter en is dermatologisch getest. &nbsp;&nbsp;",ml,150 ml,,,Spray,,BTW_Hoog,False
7225,8x4 Deodorant Spray Heavenly 150ml,0,300,179,True,,"De Heavenly deospray van 8x4 biedt deodorant bescherming met heerlijke parfum.&nbsp;Met de geuren van mandarijn, vanille en cranberry&nbsp;geeft het je een sprankelende toon. De spray laat geen rest product achter en is dermatologisch getest. &nbsp;&nbsp;",ml,150 ml,,,Spray,,BTW_Hoog,False,
29438
29438,1Auto Ruitensproeiervloeistof Zomer 4L
29438,1Auto Ruitensproeiervloeistof Zomer 4L,1
29438,1Auto Ruitensproeiervloeistof Zomer 4L,1,300,179
29438,1Auto Ruitensproeiervloeistof Zomer 4L,1,300,179,True
29438,1Auto Ruitensproeiervloeistof Zomer 4L,1,300,179,True,
29438,1Auto Ruitensproeiervloeistof Zomer 4L,1,300,179,True,,"Reinig jouw autoruiten met de ruitensproeier vloeistof van 1Auto! De ruitensproeier vloeistof verwijdert aanslag en insecten. Let op! Gezien de omvang kunnen er maximaal 3 flessen online worden besteld. Neem contact op met de klantenservice als je meer zou willen bestellen, de verzendvergoeding zal dan wat hoger zijn."
29438,1Auto Ruitensproeiervloeistof Zomer 4L,1,300,179,True,,"Reinig jouw autoruiten met de ruitensproeier vloeistof van 1Auto! De ruitensproeier vloeistof verwijdert aanslag en insecten. Let op! Gezien de omvang kunnen er maximaal 3 flessen online worden besteld. Neem contact op met de klantenservice als je meer zou willen bestellen, de verzendvergoeding zal dan wat hoger zijn.",ml,4000,,,Reiniging,,BTW_Hoog,False
29438,1Auto Ruitensproeiervloeistof Zomer 4L,1,300,179,True,,"Reinig jouw autoruiten met de ruitensproeier vloeistof van 1Auto! De ruitensproeier vloeistof verwijdert aanslag en insecten. Let op! Gezien de omvang kunnen er maximaal 3 flessen online worden besteld. Neem contact op met de klantenservice als je meer zou willen bestellen, de verzendvergoeding zal dan wat hoger zijn.",ml,4000,,,Reiniging,,BTW_Hoog,False,
7225,8x4 Deodorant Spray Heavenly 150ml,0,300,179,True,,"De Heavenly deospray van 8x4 biedt deodorant bescherming met heerlijke parfum.&nbsp;Met de geuren van mandarijn, vanille en cranberry&nbsp;geeft het je een sprankelende toon. De spray laat geen rest product achter en is dermatologisch getest. &nbsp;&nbsp;",ml,150 ml,,,Spray,,BTW_Hoog,False,
29438,1Auto Ruitensproeiervloeistof Zomer 4L,1,300,179,True,,"Reinig jouw autoruiten met de ruitensproeier vloeistof van 1Auto! De ruitensproeier vloeistof verwijdert aanslag en insecten. Let op! Gezien de omvang kunnen er maximaal 3 flessen online worden besteld. Neem contact op met de klantenservice als je meer zou willen bestellen, de verzendvergoeding zal dan wat hoger zijn.",ml,4000,,,Reiniging,,BTW_Hoog,False,
7225,8x4 Deodorant Spray Heavenly 150ml,0,300,179,True,,"De Heavenly deospray van 8x4 biedt deodorant bescherming met heerlijke parfum.&nbsp;Met de geuren van mandarijn, vanille en cranberry&nbsp;geeft het je een sprankelende toon. De spray laat geen rest product achter en is dermatologisch getest. &nbsp;&nbsp;",ml,150 ml,,,Spray,,BTW_Hoog,False,
7225,8x4 Deodorant Spray Heavenly 150ml,0,300,179,True,,"De Heavenly deospray van 8x4 biedt deodorant bescherming met heerlijke parfum.&nbsp;Met de geuren van mandarijn, vanille en cranberry&nbsp;geeft het je een sprankelende toon. De spray laat geen rest product achter en is dermatologisch getest. &nbsp;&nbsp;",ml,150 ml,,,Spray,,BTW_Hoog,False,
7225,8x4 Deodorant Spray Heavenly 150ml,0,300,179,True,,"De Heavenly deospray van 8x4 biedt deodorant bescherming met heerlijke parfum.&nbsp;Met de geuren van mandarijn, vanille en cranberry&nbsp;geeft het je een sprankelende toon. De spray laat geen rest product achter en is dermatologisch getest. &nbsp;&nbsp;",ml,150 ml,,,Spray,,BTW_Hoog,False,
7225,8x4 Deodorant Spray Heavenly 150ml,0,300,179,True,,"De Heavenly deospray van 8x4 biedt deodorant bescherming met heerlijke parfum.&nbsp;Met de geuren van mandarijn, vanille en cranberry&nbsp;geeft het je een sprankelende toon. De spray laat geen rest product achter en is dermatologisch getest. &nbsp;&nbsp;",ml,150 ml,,,Spray,,BTW_Hoog,False,
7225,8x4 Deodorant Spray Heavenly 150ml,0,300,179,True,,"De Heavenly deospray van 8x4 biedt deodorant bescherming met heerlijke parfum.&nbsp;Met de geuren van mandarijn, vanille en cranberry&nbsp;geeft het je een sprankelende toon. De spray laat geen rest product achter en is dermatologisch getest. &nbsp;&nbsp;",ml,150 ml,,,Spray,,BTW_Hoog,False,
29438,1Auto Ruitensproeiervloeistof Zomer 4L,1,300,179,True,,"Reinig jouw autoruiten met de ruitensproeier vloeistof van 1Auto! De ruitensproeier vloeistof verwijdert aanslag en insecten. Let op! Gezien de omvang kunnen er maximaal 3 flessen online worden besteld. Neem contact op met de klantenservice als je meer zou willen bestellen, de verzendvergoeding zal dan wat hoger zijn.",ml,4000,,,Reiniging,,BTW_Hoog,False,
7225,8x4 Deodorant Spray Heavenly 150ml,0,300,179,True,,"De Heavenly deospray van 8x4 biedt deodorant bescherming met heerlijke parfum.&nbsp;Met de geuren van mandarijn, vanille en cranberry&nbsp;geeft het je een sprankelende toon. De spray laat geen rest product achter en is dermatologisch getest. &nbsp;&nbsp;",ml,150 ml,,,Spray,,BTW_Hoog,False,
29438,1Auto Ruitensproeiervloeistof Zomer 4L,1,300,179,True,,"Reinig jouw autoruiten met de ruitensproeier vloeistof van 1Auto! De ruitensproeier vloeistof verwijdert aanslag en insecten. Let op! Gezien de omvang kunnen er maximaal 3 flessen online worden besteld. Neem contact op met de klantenservice als je meer zou willen bestellen, de verzendvergoeding zal dan wat hoger zijn.",ml,4000,,,Reiniging,,BTW_Hoog,False,
7225,8x4 Deodorant Spray Heavenly 150ml,0,300,179,True,,"De Heavenly deospray van 8x4 biedt deodorant bescherming met heerlijke parfum.&nbsp;Met de geuren van mandarijn, vanille en cranberry&nbsp;geeft het je een sprankelende toon. De spray laat geen rest product achter en is dermatologisch getest. &nbsp;&nbsp;",ml,150 ml,,,Spray,,BTW_Hoog,False,
29438,1Auto Ruitensproeiervloeistof Zomer 4L,1,300,179,True,,"Reinig jouw autoruiten met de ruitensproeier vloeistof van 1Auto! De ruitensproeier vloeistof verwijdert aanslag en insecten. Let op! Gezien de omvang kunnen er maximaal 3 flessen online worden besteld. Neem contact op met de klantenservice als je meer zou willen bestellen, de verzendvergoeding zal dan wat hoger zijn.",ml,4000,,,Reiniging,,BTW_Hoog,False,
7225,8x4 Deodorant Spray Heavenly 150ml,0,0,300,179,True,,"De Heavenly deospray van 8x4 biedt deodorant bescherming met heerlijke parfum.&nbsp;Met de geuren van mandarijn, vanille en cranberry&nbsp;geeft het je een sprankelende toon. De spray laat geen rest product achter en is dermatologisch getest. &nbsp;&nbsp;",ml,150 ml,,,Spray,,BTW_Hoog,False,
29438,1Auto Ruitensproeiervloeistof Zomer 4L,1,1,300,179,True,,"Reinig jouw autoruiten met de ruitensproeier vloeistof van 1Auto! De ruitensproeier vloeistof verwijdert aanslag en insecten. Let op! Gezien de omvang kunnen er maximaal 3 flessen online worden besteld. Neem contact op met de klantenservice als je meer zou willen bestellen, de verzendvergoeding zal dan wat hoger zijn.",ml,4000,,,Reiniging,,BTW_Hoog,False,
7225,8x4 Deodorant Spray Heavenly 150ml,0,0,300,179,True,,"De Heavenly deospray van 8x4 biedt deodorant bescherming met heerlijke parfum.&nbsp;Met de geuren van mandarijn, vanille en cranberry&nbsp;geeft het je een sprankelende toon. De spray laat geen rest product achter en is dermatologisch getest. &nbsp;&nbsp;",ml,150 ml,,,Spray,,BTW_Hoog,False,
29438,1Auto Ruitensproeiervloeistof Zomer 4L,1,1,300,179,True,,"Reinig jouw autoruiten met de ruitensproeier vloeistof van 1Auto! De ruitensproeier vloeistof verwijdert aanslag en insecten. Let op! Gezien de omvang kunnen er maximaal 3 flessen online worden besteld. Neem contact op met de klantenservice als je meer zou willen bestellen, de verzendvergoeding zal dan wat hoger zijn.",ml,4000,,,Reiniging,,BTW_Hoog,False,
7225,8x4 Deodorant Spray Heavenly 150ml,0,0,300,179,True,,"De Heavenly deospray van 8x4 biedt deodorant bescherming met heerlijke parfum.&nbsp;Met de geuren van mandarijn, vanille en cranberry&nbsp;geeft het je een sprankelende toon. De spray laat geen rest product achter en is dermatologisch getest. &nbsp;&nbsp;",ml,150 ml,,,Spray,,BTW_Hoog,False,
29438,1Auto Ruitensproeiervloeistof Zomer 4L,1,1,300,179,True,,"Reinig jouw autoruiten met de ruitensproeier vloeistof van 1Auto! De ruitensproeier vloeistof verwijdert aanslag en insecten. Let op! Gezien de omvang kunnen er maximaal 3 flessen online worden besteld. Neem contact op met de klantenservice als je meer zou willen bestellen, de verzendvergoeding zal dan wat hoger zijn.",ml,4000,,,Reiniging,,BTW_Hoog,False,
